PLANETE,DEMIGRANDAXE,EXCENTRICITE,PERIODESEC,PERIODEJOUR
MERCURE,57909231026,0.20564,7603200,88
VENUS,108209525394,0.00678,19440000,225
TERRE,149598319485,0.01671,31536000,365
MARS,227943771551,0.09339,59356800,687
JUPITER,778342761418,0.0484,374371200,4333
SATURNE,1426714892780,0.0539,929318400,10756
URANUS,2870633540690,0.04726,2651356800,30687
NEPTUNE,4498393011891,0.00859,5200416000,60190