PLANETE,DEMIGRANDAXE,MOYENMOUVEMENT,EXCENTRICITE
MERCURE,0.3870993,0.000000828472,0.20564
VENUS,0.723336,0.000000324336,0.00678
TERRE,1.000003,0.00000019952,0.01671
MARS,1.52371,0.000000106024,0.09339
JUPITER,5.2029,0.00000001682,0.0484
SATURNE,9.537,0.000000006728,0.0539
URANUS,19.189,0.00000000232,0.04726
NEPTUNE,30.0699,0.00000000116,0.00859