PLANETE,DEMIGRANDAXE,MOYENMOUVEMENT,EXCENTRICITE
MERCURE,57910055280,0.000000828472,0.20564
VENUS,108211065600,0.000000324336,0.00678
TERRE,149600448800,0.00000019952,0.01671
MARS,227947016000,0.000000106024,0.09339
JUPITER,778353840000,0.00000001682,0.0484
SATURNE,1426735200000,0.000000006728,0.0539
URANUS,2870674400000,0.00000000232,0.04726
NEPTUNE,4498457040000,0.00000000116,0.00859