PLANETE,DEMIGRANDAXE,EXCENTRICITE,PERIODESEC,PERIODEJOUR,ANGLES
MERCURE,57909231026,0.20564,7603200,88,1.448623279
VENUS,108209525394,0.00678,19440000,225,1.511455132
TERRE,149598319485,0.01671,31536000,365,1.570796327
MARS,227943771551,0.09339,59356800,687,1.537635071
JUPITER,778342761418,0.0484,374371200,4333,1.548107047
SATURNE,1426714892780,0.0539,929318400,10756,1.527163095
URANUS,2870633540690,0.04726,2651356800,30687,1.556833693
NEPTUNE,4498393011891,0.00859,5200416000,60190,1.5393804