PLANETE,DEMIGRANDAXE,EXCENTRICITE,PERIODESEC,PERIODEJOUR,FACTEUR,ANGLES,APHELIE,T0,MASSE
MERCURE,57909231026,0.20564,7603200,88,684,7,69800000000,0,3.285e23
VENUS,108209525394,0.00678,19440000,225,268,3.4,108900000000,0,4.867e24
TERRE,149598319485,0.01671,31536000,365,165,0,152100000000,0,5.972e24
MARS,227943771551,0.09339,59356800,687,88,1.9,249200000000,0,6.39e23
JUPITER,778342761418,0.0484,374371200,4333,14,1.3,816600000000,0,1.898e27
SATURNE,1426714892780,0.0539,929318400,10756,6,2.5,1514500000000,0,5.683e26
URANUS,2870633540690,0.04726,2651356800,30687,2,0.8,3003600000000,0,8.681e25
NEPTUNE,4498393011891,0.00859,5200416000,60190,1,1.8,4545700000000,0,1.024e26